CustomerID,Segment,RFM_Score,R_Score,F_Score,M_Score,DaysSinceLastPurchase,TotalTransactions,TotalSpent,AverageOrderValue,FirstPurchaseDate,LastPurchaseDate,PrimaryCountry
15749,At Risk,145,1,4,5,234.97916666666663,3,44534.3,14844.766666666668,2011-01-11T12:55:00Z,2011-04-18T13:20:00Z,United Kingdom
15098,At Risk,135,1,3,5,181.8826388888889,3,39916.5,13305.5,2011-06-10T15:22:00Z,2011-06-10T15:39:00Z,United Kingdom
12409,At Risk,235,2,3,5,78.09166666666667,3,11072.670000000002,3690.890000000001,2011-06-10T12:19:00Z,2011-09-22T10:38:00Z,Switzerland
16180,At Risk,255,2,5,5,99.84861111111113,8,10254.180000000002,1281.7725000000005,2011-04-01T10:23:00Z,2011-08-31T16:28:00Z,United Kingdom
12590,At Risk,125,1,2,5,189.93402777777777,2,9864.260000000004,4932.130000000002,2011-05-12T14:46:00Z,2011-06-02T14:25:00Z,Germany
12435,At Risk,225,2,2,5,79.15555555555555,2,7829.889999999998,3914.944999999999,2011-03-17T07:40:00Z,2011-09-21T09:06:00Z,Denmark
12980,At Risk,255,2,5,5,155.04722222222222,9,7374.9,819.4333333333334,2010-12-16T11:36:00Z,2011-07-07T11:42:00Z,United Kingdom
16745,At Risk,255,2,5,5,86.03611111111111,17,7180.700000000005,422.39411764705915,2011-02-01T11:31:00Z,2011-09-14T11:58:00Z,United Kingdom
13027,At Risk,255,2,5,5,113.13263888888888,6,6912,1152,2010-12-20T12:45:00Z,2011-08-18T09:39:00Z,United Kingdom
16182,At Risk,245,2,4,5,71.97708333333334,4,6617.6500000000005,1654.4125,2011-02-18T10:11:00Z,2011-09-28T13:23:00Z,United Kingdom
15939,At Risk,255,2,5,5,89.05555555555556,15,6115.009999999999,407.66733333333326,2011-01-12T12:43:00Z,2011-09-11T11:30:00Z,United Kingdom
14101,At Risk,255,2,5,5,73.01527777777778,6,5976.79,996.1316666666668,2011-01-17T13:09:00Z,2011-09-27T12:28:00Z,United Kingdom
16553,At Risk,255,2,5,5,162.88055555555556,12,5719.819999999999,476.6516666666666,2010-12-08T13:07:00Z,2011-06-29T15:42:00Z,United Kingdom
17061,At Risk,255,2,5,5,73.05972222222222,11,5232.23,475.6572727272727,2011-04-21T13:29:00Z,2011-09-27T11:24:00Z,United Kingdom
15032,At Risk,135,1,3,5,255.88888888888889,3,4959.0999999999985,1653.0333333333328,2010-12-08T12:57:00Z,2011-03-28T15:30:00Z,United Kingdom
13802,At Risk,235,2,3,5,137.975,3,4599.420000000001,1533.1400000000003,2010-12-14T09:54:00Z,2011-07-24T13:26:00Z,United Kingdom
16984,At Risk,235,2,3,5,77.7701388888889,2,4459.519999999996,2229.759999999998,2011-08-01T17:37:00Z,2011-09-22T18:21:00Z,United Kingdom
14016,At Risk,245,2,4,5,153.9326388888889,4,4341.21,1085.3025,2010-12-17T14:21:00Z,2011-07-08T14:27:00Z,EIRE
18251,At Risk,225,2,2,5,86.90763888888888,1,4314.719999999999,4314.719999999999,2011-09-13T15:03:00Z,2011-09-13T15:03:00Z,United Kingdom
13555,At Risk,245,2,4,5,73.00972222222222,4,4098.880000000003,1024.7200000000007,2011-05-22T11:06:00Z,2011-09-27T12:36:00Z,United Kingdom
18087,At Risk,235,2,3,5,97.90138888888887,2,4055.7199999999993,2027.8599999999997,2011-02-11T11:24:00Z,2011-09-02T15:12:00Z,United Kingdom
18073,At Risk,255,2,5,5,113.95,12,3859.820000000002,321.6516666666668,2011-05-26T19:38:00Z,2011-08-17T14:02:00Z,United Kingdom
12755,At Risk,125,1,2,5,249.10972222222225,2,3811.9499999999994,1905.9749999999997,2010-12-09T10:44:00Z,2011-04-04T10:12:00Z,Japan
13124,At Risk,235,2,3,5,89.00347222222223,3,3756.329999999998,1252.1099999999994,2010-12-15T15:00:00Z,2011-09-11T12:45:00Z,United Kingdom
12502,At Risk,245,2,4,5,95.04027777777776,5,3723.87,744.774,2011-02-03T10:41:00Z,2011-09-05T11:52:00Z,Spain
14364,At Risk,255,2,5,5,108.07569444444444,8,3717.349999999999,464.6687499999999,2011-05-12T12:56:00Z,2011-08-23T11:01:00Z,United Kingdom
17819,At Risk,255,2,5,5,71.08194444444445,7,3704.869999999999,529.2671428571427,2010-12-03T14:26:00Z,2011-09-29T10:52:00Z,United Kingdom
15379,At Risk,255,2,5,5,168.98402777777778,7,3703.289999999999,529.0414285714285,2010-12-16T13:02:00Z,2011-06-23T13:13:00Z,United Kingdom
15581,At Risk,255,2,5,5,120.13333333333334,13,3675.77,282.7515384615385,2010-12-08T14:38:00Z,2011-08-11T09:38:00Z,United Kingdom
15808,At Risk,145,1,4,5,305.92847222222224,4,3651.270000000002,912.8175000000005,2010-12-05T13:05:00Z,2011-02-06T14:33:00Z,United Kingdom
13082,At Risk,255,2,5,5,125.85694444444444,9,3613.630000000001,401.5144444444445,2011-01-05T15:42:00Z,2011-08-05T16:16:00Z,United Kingdom
13334,At Risk,235,2,3,5,81.8951388888889,3,3502.319999999998,1167.4399999999994,2011-02-07T11:42:00Z,2011-09-18T15:21:00Z,United Kingdom
15410,At Risk,255,2,5,5,83.91875,8,3450.8400000000015,431.3550000000002,2011-03-23T10:15:00Z,2011-09-16T14:47:00Z,United Kingdom
12643,At Risk,255,2,5,5,127.99583333333334,6,3344.6400000000003,557.44,2011-01-11T11:48:00Z,2011-08-03T12:56:00Z,France
15764,At Risk,255,2,5,5,80.85694444444445,6,3279.9700000000003,546.6616666666667,2011-03-08T09:23:00Z,2011-09-19T16:16:00Z,United Kingdom
17723,At Risk,255,2,5,5,126.75902777777776,6,3276.4,546.0666666666667,2011-05-09T14:44:00Z,2011-08-04T18:37:00Z,United Kingdom
13952,At Risk,135,1,3,5,210.72430555555556,2,3251.071,1625.5355,2011-04-15T09:27:00Z,2011-05-12T19:27:00Z,United Kingdom
17050,At Risk,255,2,5,5,95.95972222222224,6,3185.639999999999,530.9399999999998,2011-02-13T12:41:00Z,2011-09-04T13:48:00Z,United Kingdom
15491,At Risk,255,2,5,5,94.87083333333334,6,3100.0900000000015,516.681666666667,2011-04-18T10:04:00Z,2011-09-05T15:56:00Z,United Kingdom
14565,At Risk,245,2,4,5,95.00902777777776,4,3099.1200000000017,774.7800000000004,2010-12-13T13:25:00Z,2011-09-05T12:37:00Z,United Kingdom
13869,At Risk,245,2,4,5,122.95625,4,3083.6500000000037,770.9125000000009,2010-12-17T15:14:00Z,2011-08-08T13:53:00Z,United Kingdom
13631,At Risk,255,2,5,5,99.12013888888887,11,3070.42,279.1290909090909,2011-03-17T17:13:00Z,2011-09-01T09:57:00Z,United Kingdom
16709,At Risk,245,2,4,5,84.07916666666667,5,3029.870000000001,605.9740000000002,2011-03-03T10:55:00Z,2011-09-16T10:56:00Z,United Kingdom
18094,At Risk,255,2,5,5,81.14027777777778,7,3017.2999999999993,431.04285714285703,2011-02-21T08:50:00Z,2011-09-19T09:28:00Z,United Kingdom
12754,At Risk,135,1,3,5,235.15972222222223,3,3010.74,1003.58,2011-02-04T10:31:00Z,2011-04-18T09:00:00Z,Japan
14307,At Risk,255,2,5,5,88.13333333333334,6,2995.7200000000007,499.2866666666668,2010-12-01T11:41:00Z,2011-09-12T09:38:00Z,United Kingdom
12916,At Risk,245,2,4,5,138.09375,4,2944.9500000000007,736.2375000000002,2011-01-23T10:43:00Z,2011-07-24T10:35:00Z,United Kingdom
17444,At Risk,245,2,4,5,147.03125,3,2940.0400000000013,980.0133333333338,2011-06-20T09:04:00Z,2011-07-15T12:05:00Z,Canada
13901,At Risk,245,2,4,5,71.91805555555555,5,2867.2,573.4399999999999,2011-01-25T09:01:00Z,2011-09-28T14:48:00Z,United Kingdom
16928,At Risk,255,2,5,5,79.90277777777777,17,2814.699999999998,165.570588235294,2010-12-01T15:21:00Z,2011-09-20T15:10:00Z,United Kingdom
12758,At Risk,225,2,2,5,116.10277777777776,2,2791.590000000001,1395.7950000000003,2011-03-08T12:05:00Z,2011-08-15T10:22:00Z,Portugal
12669,At Risk,235,2,3,5,150.12222222222223,3,2744.0300000000007,914.6766666666668,2011-03-28T10:15:00Z,2011-07-12T09:54:00Z,France
14854,At Risk,255,2,5,5,77.82638888888889,7,2740.0300000000007,391.4328571428573,2011-03-10T12:22:00Z,2011-09-22T17:00:00Z,United Kingdom
12840,At Risk,245,2,4,5,143.13958333333332,4,2726.769999999999,681.6924999999998,2011-04-27T12:21:00Z,2011-07-19T09:29:00Z,United Kingdom
15673,At Risk,245,2,4,5,87.85972222222222,4,2726.2300000000005,681.5575000000001,2011-01-16T16:25:00Z,2011-09-12T16:12:00Z,United Kingdom
12625,At Risk,125,1,2,5,211.12222222222223,2,2683.8199999999997,1341.91,2011-01-24T13:27:00Z,2011-05-12T09:54:00Z,Germany
13851,At Risk,235,2,3,5,95.00972222222222,3,2651.46,883.82,2011-02-24T17:18:00Z,2011-09-05T12:36:00Z,United Kingdom
12520,At Risk,245,2,4,5,78.89375,5,2634.26,526.8520000000001,2011-03-11T11:35:00Z,2011-09-21T15:23:00Z,Germany
18260,At Risk,255,2,5,5,172.0090277777778,6,2628.3500000000004,438.0583333333334,2010-12-16T18:23:00Z,2011-06-20T12:37:00Z,United Kingdom
16919,At Risk,255,2,5,5,155.96875,11,2592.2499999999995,235.65909090909088,2010-12-06T12:52:00Z,2011-07-06T13:35:00Z,United Kingdom
15245,At Risk,235,2,3,5,133.74583333333334,3,2515.8400000000006,838.6133333333336,2011-03-23T13:42:00Z,2011-07-28T18:56:00Z,United Kingdom
12455,At Risk,255,2,5,5,72.88819444444445,6,2466.859999999997,411.1433333333328,2011-02-16T09:56:00Z,2011-09-27T15:31:00Z,Spain
15674,At Risk,245,2,4,5,72.89791666666666,5,2446.6,489.32,2011-03-30T09:19:00Z,2011-09-27T15:17:00Z,United Kingdom
14163,At Risk,245,2,4,5,86.89722222222223,4,2445.9100000000008,611.4775000000002,2011-04-14T17:33:00Z,2011-09-13T15:18:00Z,United Kingdom
17722,At Risk,245,2,4,5,95.89444444444445,4,2424.039999999999,606.0099999999998,2010-12-08T12:41:00Z,2011-09-04T15:22:00Z,United Kingdom
15980,At Risk,245,2,4,5,88.13125,3,2398.8599999999997,799.6199999999999,2011-03-30T15:05:00Z,2011-09-12T09:41:00Z,United Kingdom
13141,At Risk,245,2,4,5,84.12222222222222,5,2388.7499999999995,477.7499999999999,2011-01-28T13:04:00Z,2011-09-16T09:54:00Z,United Kingdom
13722,At Risk,235,2,3,5,119.89166666666668,3,2375.4100000000008,791.8033333333336,2011-03-02T11:43:00Z,2011-08-11T15:26:00Z,United Kingdom
13908,At Risk,245,2,4,5,79.0423611111111,4,2369.5499999999984,592.3874999999996,2011-03-08T12:04:00Z,2011-09-21T11:49:00Z,United Kingdom
14930,At Risk,235,2,3,5,108.09652777777778,3,2362.960000000001,787.6533333333336,2011-03-10T14:42:00Z,2011-08-23T10:31:00Z,Channel Islands
16550,At Risk,245,2,4,5,108.06805555555556,5,2298.9699999999984,459.7939999999997,2010-12-06T13:17:00Z,2011-08-23T11:12:00Z,United Kingdom
15704,At Risk,245,2,4,5,139.96875,4,2293.619999999999,573.4049999999999,2011-05-08T12:42:00Z,2011-07-22T13:35:00Z,United Kingdom
16209,At Risk,245,2,4,5,88.03611111111111,5,2262.62,452.524,2011-04-07T12:23:00Z,2011-09-12T11:58:00Z,United Kingdom
16735,At Risk,245,2,4,5,78.0423611111111,5,2247.4099999999994,449.48199999999986,2011-01-09T12:53:00Z,2011-09-22T11:49:00Z,United Kingdom
18242,At Risk,245,2,4,5,71.96319444444444,4,2232.49,558.1225,2011-05-10T11:20:00Z,2011-09-28T13:43:00Z,United Kingdom
15665,At Risk,235,2,3,5,167.91180555555556,2,2222.210000000001,1111.1050000000005,2011-04-10T15:09:00Z,2011-06-24T14:57:00Z,United Kingdom
12653,At Risk,225,2,2,5,148.08958333333334,2,2209.8500000000004,1104.9250000000002,2011-02-16T10:53:00Z,2011-07-14T10:41:00Z,Israel
15797,At Risk,245,2,4,5,112.8236111111111,4,2207.4,551.85,2011-01-24T15:47:00Z,2011-08-18T17:04:00Z,United Kingdom
17591,At Risk,255,2,5,5,72.96388888888889,7,2203.6700000000005,314.81000000000006,2010-12-07T15:39:00Z,2011-09-27T13:42:00Z,United Kingdom
17406,At Risk,145,1,4,5,329.99861111111113,3,2184.42,728.14,2010-12-08T10:35:00Z,2011-01-13T12:52:00Z,United Kingdom
16456,At Risk,245,2,4,5,98.95833333333331,5,2158.1800000000003,431.6360000000001,2010-12-01T14:11:00Z,2011-09-01T13:50:00Z,United Kingdom
14407,At Risk,255,2,5,5,106.95,6,2157.7299999999996,359.6216666666666,2011-03-08T11:59:00Z,2011-08-24T14:02:00Z,United Kingdom
14828,At Risk,135,1,3,5,196.10694444444445,3,2139.76,713.2533333333334,2011-01-07T09:50:00Z,2011-05-27T10:16:00Z,United Kingdom
18173,At Risk,245,2,4,5,86.05833333333334,4,2106.84,526.71,2011-03-10T11:56:00Z,2011-09-14T11:26:00Z,United Kingdom
18093,At Risk,245,2,4,5,92.87986111111113,4,2106.52,526.63,2011-02-10T12:15:00Z,2011-09-07T15:43:00Z,United Kingdom
14461,At Risk,235,2,3,5,147.81875,3,2103.059999999999,701.0199999999996,2011-03-23T12:15:00Z,2011-07-14T17:11:00Z,United Kingdom
17400,At Risk,245,2,4,5,125.88333333333334,5,2097.8400000000015,419.5680000000003,2010-12-21T17:16:00Z,2011-08-05T15:38:00Z,United Kingdom
18231,At Risk,145,1,4,5,191.9388888888889,5,2071.7700000000013,414.3540000000002,2011-02-24T09:08:00Z,2011-05-31T14:18:00Z,United Kingdom
16281,At Risk,225,2,2,5,71.91180555555556,1,2062.06,2062.06,2011-09-28T14:57:00Z,2011-09-28T14:57:00Z,United Kingdom
17597,At Risk,124,1,2,4,213.0388888888889,1,2044.3700000000003,2044.3700000000003,2011-05-10T11:54:00Z,2011-05-10T11:54:00Z,United Kingdom
12585,At Risk,124,1,2,4,233.96597222222223,2,2040.099999999999,1020.0499999999996,2010-12-23T12:58:00Z,2011-04-19T13:39:00Z,Germany
17846,At Risk,224,2,2,4,84.89583333333333,1,2033.1,2033.1,2011-09-15T15:20:00Z,2011-09-15T15:20:00Z,United Kingdom
13593,At Risk,244,2,4,4,107.96875,5,2011.8800000000008,402.3760000000001,2011-01-07T16:32:00Z,2011-08-23T13:35:00Z,United Kingdom
16098,At Risk,254,2,5,4,87.11875,7,2005.6300000000003,286.5185714285715,2010-12-01T09:45:00Z,2011-09-13T09:59:00Z,United Kingdom
16754,At Risk,124,1,2,4,371.8,1,2002.4,2002.4,2010-12-02T17:38:00Z,2010-12-02T17:38:00Z,United Kingdom
16698,At Risk,134,1,3,4,226.08194444444445,2,1998,999,2011-03-31T13:33:00Z,2011-04-27T10:52:00Z,United Kingdom
17337,At Risk,244,2,4,4,150.9125,4,1981.0600000000031,495.2650000000008,2011-02-02T17:06:00Z,2011-07-11T14:56:00Z,United Kingdom
18204,At Risk,244,2,4,4,70.8375,3,1975.35,658.4499999999999,2011-05-31T15:26:00Z,2011-09-29T16:44:00Z,United Kingdom
17997,At Risk,254,2,5,4,73.85902777777778,8,1962.4600000000023,245.3075000000003,2011-06-28T17:28:00Z,2011-09-26T16:13:00Z,United Kingdom
12853,At Risk,254,2,5,4,107.07638888888889,6,1957.1,326.18333333333334,2011-01-28T10:28:00Z,2011-08-24T11:00:00Z,United Kingdom
14978,At Risk,244,2,4,4,71.98819444444445,5,1921.3700000000024,384.2740000000005,2011-01-13T12:03:00Z,2011-09-28T13:07:00Z,United Kingdom
14210,At Risk,254,2,5,4,90.99652777777776,6,1905.84,317.64000000000004,2010-12-03T12:43:00Z,2011-09-09T12:55:00Z,United Kingdom
14934,At Risk,234,2,3,4,72.12847222222223,2,1890.9400000000005,945.4700000000004,2011-03-02T11:48:00Z,2011-09-28T09:45:00Z,Channel Islands
15641,At Risk,244,2,4,4,104.9486111111111,4,1887.2000000000005,471.8000000000001,2010-12-15T14:45:00Z,2011-08-26T14:04:00Z,United Kingdom
14305,At Risk,234,2,3,4,70.88958333333333,3,1858.96,619.6533333333333,2011-07-27T14:14:00Z,2011-09-29T15:29:00Z,United Kingdom
14472,At Risk,254,2,5,4,103.07569444444444,8,1852.6700000000012,231.58375000000015,2010-12-19T14:03:00Z,2011-08-28T11:01:00Z,United Kingdom
17873,At Risk,244,2,4,4,79.83958333333334,5,1848.9600000000007,369.79200000000014,2010-12-01T14:54:00Z,2011-09-20T16:41:00Z,United Kingdom
15827,At Risk,254,2,5,4,72.88541666666667,14,1836.0900000000008,131.14928571428578,2010-12-02T13:06:00Z,2011-09-27T15:35:00Z,United Kingdom
16152,At Risk,124,1,2,4,268.12708333333336,1,1829.04,1829.04,2011-03-16T09:47:00Z,2011-03-16T09:47:00Z,United Kingdom
17787,At Risk,244,2,4,4,152.05972222222223,4,1817.5399999999995,454.3849999999999,2010-12-03T13:43:00Z,2011-07-10T11:24:00Z,United Kingdom
15260,At Risk,254,2,5,4,99.95486111111111,7,1810.77,258.68142857142857,2010-12-02T12:09:00Z,2011-08-31T13:55:00Z,United Kingdom
15812,At Risk,244,2,4,4,106.93819444444443,5,1801.14,360.228,2011-01-26T12:12:00Z,2011-08-24T14:19:00Z,United Kingdom
13562,At Risk,234,2,3,4,81.0826388888889,3,1799.3299999999988,599.7766666666663,2011-04-08T12:42:00Z,2011-09-19T10:51:00Z,United Kingdom
12348,At Risk,244,2,4,4,74.98402777777778,4,1797.24,449.31,2010-12-16T19:09:00Z,2011-09-25T13:13:00Z,Finland
18235,At Risk,244,2,4,4,71.18263888888889,3,1796.48,598.8266666666667,2011-05-06T13:35:00Z,2011-09-29T08:27:00Z,United Kingdom
13134,At Risk,244,2,4,4,72.14444444444445,4,1793.58,448.395,2011-04-13T12:57:00Z,2011-09-28T09:22:00Z,United Kingdom
16681,At Risk,254,2,5,4,72.06875,6,1770.3400000000004,295.05666666666673,2011-03-31T13:46:00Z,2011-09-28T11:11:00Z,United Kingdom
12424,At Risk,224,2,2,4,162.03055555555557,2,1760.9599999999998,880.4799999999999,2011-06-30T12:06:00Z,2011-06-30T12:06:00Z,Australia
12823,At Risk,244,2,4,4,74.21875,5,1759.5,351.9,2011-02-16T12:15:00Z,2011-09-26T07:35:00Z,United Kingdom
15067,At Risk,234,2,3,4,77.97916666666667,3,1744.7600000000004,581.5866666666668,2011-03-02T12:10:00Z,2011-09-22T13:20:00Z,United Kingdom
17353,At Risk,234,2,3,4,128.81319444444443,2,1740,870,2011-07-08T16:17:00Z,2011-08-02T17:19:00Z,United Kingdom
17457,At Risk,244,2,4,4,126.00138888888888,5,1737.6999999999998,347.53999999999996,2011-01-04T14:33:00Z,2011-08-05T12:48:00Z,United Kingdom
13564,At Risk,234,2,3,4,143.92708333333334,3,1724.6700000000003,574.8900000000002,2010-12-06T17:26:00Z,2011-07-18T14:35:00Z,United Kingdom
15947,At Risk,224,2,2,4,82.08611111111111,1,1708.2400000000002,1708.2400000000002,2011-09-18T10:46:00Z,2011-09-18T10:46:00Z,United Kingdom
16902,At Risk,224,2,2,4,115.93958333333332,1,1706.88,1706.88,2011-08-15T14:17:00Z,2011-08-15T14:17:00Z,United Kingdom
16398,At Risk,234,2,3,4,144.10833333333332,2,1705.8000000000004,852.9000000000002,2011-03-31T09:38:00Z,2011-07-18T10:14:00Z,United Kingdom
14245,At Risk,234,2,3,4,175.9284722222222,2,1693.4499999999996,846.7249999999998,2011-03-21T10:41:00Z,2011-06-16T14:33:00Z,United Kingdom
12635,At Risk,224,2,2,4,89.0736111111111,2,1689.18,844.59,2011-07-08T08:43:00Z,2011-09-11T11:04:00Z,Germany
13162,At Risk,244,2,4,4,121.86875,4,1688.2899999999995,422.0724999999999,2011-01-09T10:43:00Z,2011-08-09T15:59:00Z,United Kingdom
17282,At Risk,244,2,4,4,129.93125,3,1685.4600000000005,561.82,2011-02-13T11:36:00Z,2011-08-01T14:29:00Z,United Kingdom
15549,At Risk,234,2,3,4,76.85277777777777,3,1681.46,560.4866666666667,2011-01-27T15:38:00Z,2011-09-23T16:22:00Z,United Kingdom
17656,At Risk,244,2,4,4,72.99027777777778,5,1674.69,334.938,2011-08-03T10:45:00Z,2011-09-27T13:04:00Z,United Kingdom
14045,At Risk,244,2,4,4,108.89097222222222,4,1659.75,414.9375,2010-12-01T11:32:00Z,2011-08-22T15:27:00Z,United Kingdom
14837,At Risk,244,2,4,4,89.07777777777778,4,1649.5000000000011,412.3750000000003,2011-05-22T12:49:00Z,2011-09-11T10:58:00Z,United Kingdom
15002,At Risk,244,2,4,4,115.0875,4,1641.7599999999998,410.43999999999994,2010-12-07T13:16:00Z,2011-08-16T10:44:00Z,United Kingdom
15122,At Risk,234,2,3,4,84.84930555555556,3,1633.779999999999,544.593333333333,2011-02-15T09:59:00Z,2011-09-15T16:27:00Z,United Kingdom
12377,At Risk,124,1,2,4,314.87847222222223,2,1628.1199999999997,814.0599999999998,2010-12-20T09:37:00Z,2011-01-28T15:45:00Z,Switzerland
13425,At Risk,234,2,3,4,107.81736111111113,3,1624.2099999999998,541.4033333333333,2011-02-18T08:34:00Z,2011-08-23T17:13:00Z,United Kingdom
14918,At Risk,234,2,3,4,115.04166666666669,2,1610.1499999999996,805.0749999999998,2011-07-08T12:50:00Z,2011-08-16T11:50:00Z,United Kingdom
12947,At Risk,254,2,5,4,143.11388888888888,6,1603.9900000000002,267.3316666666667,2010-12-01T16:21:00Z,2011-07-19T10:06:00Z,United Kingdom
16801,At Risk,244,2,4,4,162.88680555555555,4,1594.2300000000002,398.55750000000006,2011-03-11T13:56:00Z,2011-06-29T15:33:00Z,United Kingdom
18178,At Risk,244,2,4,4,113.2611111111111,4,1590.8099999999995,397.70249999999993,2010-12-10T12:42:00Z,2011-08-18T06:34:00Z,United Kingdom
12393,At Risk,244,2,4,4,71.88125,4,1582.6000000000004,395.6500000000001,2011-01-11T09:47:00Z,2011-09-28T15:41:00Z,Australia
17204,At Risk,244,2,4,4,168.95555555555555,4,1564.5600000000002,391.14,2010-12-20T12:01:00Z,2011-06-23T13:54:00Z,United Kingdom
13659,At Risk,124,1,2,4,196.70416666666668,2,1563.000000000001,781.5000000000003,2011-01-23T12:08:00Z,2011-05-26T19:56:00Z,United Kingdom
17085,At Risk,244,2,4,4,122.94097222222224,5,1562.4,312.48,2010-12-12T12:24:00Z,2011-08-08T14:15:00Z,United Kingdom
14038,At Risk,234,2,3,4,77.96736111111112,3,1560.379999999999,520.1266666666663,2011-05-16T14:05:00Z,2011-09-22T13:37:00Z,United Kingdom
13397,At Risk,244,2,4,4,72.07916666666667,5,1544.1299999999997,308.8259999999999,2011-01-04T13:50:00Z,2011-09-28T10:56:00Z,United Kingdom
15625,At Risk,244,2,4,4,99.85902777777778,4,1534.26,383.565,2011-04-18T14:01:00Z,2011-08-31T16:13:00Z,United Kingdom
16244,At Risk,134,1,3,4,211.10555555555555,2,1522.7499999999998,761.3749999999999,2010-12-02T11:41:00Z,2011-05-12T10:18:00Z,United Kingdom
14267,At Risk,234,2,3,4,150.06875,3,1516.2399999999998,505.4133333333333,2011-03-24T11:38:00Z,2011-07-12T11:11:00Z,United Kingdom
15265,At Risk,234,2,3,4,150.91944444444445,2,1506.12,753.0600000000001,2011-04-18T12:16:00Z,2011-07-11T14:46:00Z,United Kingdom
14414,At Risk,254,2,5,4,91.02847222222222,7,1496.9800000000005,213.8542857142858,2010-12-16T11:11:00Z,2011-09-09T12:09:00Z,United Kingdom
17002,At Risk,244,2,4,4,72.83472222222223,3,1493.73,497.91,2011-02-22T11:46:00Z,2011-09-27T16:48:00Z,United Kingdom
15057,At Risk,134,1,3,4,274.8979166666667,2,1489.5,744.75,2011-01-28T09:09:00Z,2011-03-09T15:17:00Z,United Kingdom
17553,At Risk,224,2,2,4,129.11805555555554,1,1487.6,1487.6,2011-08-02T10:00:00Z,2011-08-02T10:00:00Z,United Kingdom
14758,At Risk,244,2,4,4,144.18680555555557,4,1484.0599999999995,371.0149999999999,2011-03-25T12:10:00Z,2011-07-18T08:21:00Z,United Kingdom
14403,At Risk,244,2,4,4,129.9951388888889,4,1475.8100000000002,368.9525,2011-04-06T14:23:00Z,2011-08-01T12:57:00Z,United Kingdom
16755,At Risk,244,2,4,4,113.97847222222222,3,1475.4300000000003,491.8100000000001,2011-01-28T10:47:00Z,2011-08-17T13:21:00Z,United Kingdom
14246,At Risk,234,2,3,4,110.04166666666669,3,1474.0600000000006,491.3533333333335,2011-04-08T08:25:00Z,2011-08-21T11:50:00Z,United Kingdom
14740,At Risk,134,1,3,4,190.89791666666667,3,1448.2099999999994,482.7366666666665,2011-03-01T08:35:00Z,2011-06-01T15:17:00Z,United Kingdom
16503,At Risk,244,2,4,4,106.04444444444444,4,1431.9300000000003,357.98250000000013,2010-12-14T13:50:00Z,2011-08-25T11:46:00Z,United Kingdom
15596,At Risk,244,2,4,4,100.07986111111111,5,1406.5900000000004,281.3180000000001,2010-12-09T16:10:00Z,2011-08-31T10:55:00Z,United Kingdom
17083,At Risk,244,2,4,4,108.87986111111113,3,1405.7799999999995,468.5933333333332,2011-02-09T11:38:00Z,2011-08-22T15:43:00Z,United Kingdom
15810,At Risk,244,2,4,4,78.13333333333334,4,1391.9799999999998,347.99499999999995,2011-02-16T09:11:00Z,2011-09-22T09:38:00Z,United Kingdom
13414,At Risk,234,2,3,4,133.04513888888889,3,1390.5,463.5,2011-02-16T12:13:00Z,2011-07-29T11:45:00Z,United Kingdom
17311,At Risk,234,2,3,4,77.94375,2,1384.85,692.4250000000001,2011-01-27T10:56:00Z,2011-09-22T14:11:00Z,United Kingdom
15569,At Risk,244,2,4,4,103.10763888888889,5,1375.7100000000005,275.14200000000005,2011-01-11T13:26:00Z,2011-08-28T10:15:00Z,United Kingdom
15095,At Risk,244,2,4,4,103.03402777777778,4,1370.5999999999997,342.6499999999999,2011-05-20T14:27:00Z,2011-08-28T12:01:00Z,United Kingdom
16493,At Risk,244,2,4,4,72.06736111111111,4,1351.6300000000003,337.9075000000001,2011-01-14T08:16:00Z,2011-09-28T11:13:00Z,United Kingdom
14154,At Risk,134,1,3,4,238.85,2,1345.6200000000003,672.8100000000002,2011-04-14T15:58:00Z,2011-04-14T16:26:00Z,United Kingdom
16317,At Risk,244,2,4,4,119.00277777777778,3,1341.65,447.21666666666664,2011-02-15T14:30:00Z,2011-08-12T12:46:00Z,United Kingdom
16045,At Risk,244,2,4,4,119.00625,4,1340.7000000000005,335.17500000000007,2011-02-22T14:55:00Z,2011-08-12T12:41:00Z,United Kingdom
15734,At Risk,234,2,3,4,114.08333333333331,2,1339.45,669.725,2011-05-23T14:59:00Z,2011-08-17T10:50:00Z,United Kingdom
15146,At Risk,234,2,3,4,164.02847222222223,2,1327.1600000000008,663.5800000000004,2011-02-21T13:07:00Z,2011-06-28T12:09:00Z,United Kingdom
16083,At Risk,234,2,3,4,100.08541666666666,2,1317.6200000000003,658.8100000000002,2010-12-14T11:51:00Z,2011-08-31T10:47:00Z,United Kingdom
12854,At Risk,234,2,3,4,78.02430555555556,3,1316.250000000001,438.7500000000002,2011-01-25T12:11:00Z,2011-09-22T12:15:00Z,United Kingdom
14973,At Risk,234,2,3,4,106.87430555555557,3,1314.45,438.15,2011-04-28T12:22:00Z,2011-08-24T15:51:00Z,United Kingdom
12516,At Risk,224,2,2,4,77.15069444444444,2,1312.06,656.03,2011-06-12T11:37:00Z,2011-09-23T09:13:00Z,Germany
12507,At Risk,234,2,3,4,133.8201388888889,3,1304.81,434.93666666666667,2011-02-14T09:24:00Z,2011-07-28T17:09:00Z,Spain
17919,At Risk,224,2,2,4,87.96458333333334,1,1304.04,1304.04,2011-09-12T13:41:00Z,2011-09-12T13:41:00Z,United Kingdom
15813,At Risk,134,1,3,4,207.1923611111111,2,1303.91,651.9549999999999,2011-04-14T09:09:00Z,2011-05-16T08:13:00Z,United Kingdom
16370,At Risk,244,2,4,4,81.87152777777777,4,1301.9100000000003,325.4775000000001,2011-04-28T16:40:00Z,2011-09-18T15:55:00Z,United Kingdom
15108,At Risk,244,2,4,4,141.1013888888889,4,1300.2500000000002,325.06250000000006,2011-04-26T10:54:00Z,2011-07-21T10:24:00Z,European Community
12372,At Risk,234,2,3,4,71.02638888888889,3,1298.0400000000002,432.68000000000006,2011-02-16T12:46:00Z,2011-09-29T12:12:00Z,Denmark
17802,At Risk,244,2,4,4,81.9125,3,1285.0399999999995,428.3466666666666,2010-12-02T13:44:00Z,2011-09-18T14:56:00Z,United Kingdom
16951,At Risk,244,2,4,4,122.97569444444444,3,1277.7500000000014,425.91666666666714,2011-02-08T14:58:00Z,2011-08-08T13:25:00Z,United Kingdom
16692,At Risk,134,1,3,4,255.91944444444445,2,1276,638,2011-02-23T15:41:00Z,2011-03-28T14:46:00Z,United Kingdom
13492,At Risk,234,2,3,4,135.93402777777777,3,1269.8400000000006,423.2800000000002,2011-05-09T10:06:00Z,2011-07-26T14:25:00Z,Switzerland
17037,At Risk,224,2,2,4,77.8125,1,1267.3199999999997,1267.3199999999997,2011-09-13T12:49:00Z,2011-09-22T17:20:00Z,United Kingdom
17388,At Risk,244,2,4,4,77.09652777777778,4,1259.56,314.89,2011-02-25T12:28:00Z,2011-09-23T10:31:00Z,United Kingdom
14669,At Risk,134,1,3,4,241.04652777777775,3,1259.2400000000002,419.7466666666667,2011-01-11T12:30:00Z,2011-04-12T11:43:00Z,United Kingdom
13848,At Risk,234,2,3,4,91.99444444444444,3,1255,418.3333333333333,2010-12-08T15:10:00Z,2011-09-08T12:58:00Z,United Kingdom
17588,At Risk,244,2,4,4,99.96736111111112,3,1240.2000000000005,413.4000000000001,2011-04-21T10:31:00Z,2011-08-31T13:37:00Z,United Kingdom
17731,At Risk,244,2,4,4,78.90833333333333,4,1240.11,310.0275,2011-06-09T14:18:00Z,2011-09-21T15:02:00Z,United Kingdom
13476,At Risk,124,1,2,4,178.03472222222223,2,1238.4699999999998,619.2349999999999,2011-03-03T14:43:00Z,2011-06-14T12:00:00Z,United Kingdom
13931,At Risk,234,2,3,4,85.11597222222223,2,1237.5300000000002,618.7650000000001,2011-03-04T08:43:00Z,2011-09-15T10:03:00Z,United Kingdom
15201,At Risk,244,2,4,4,78.12291666666667,5,1236.5400000000002,247.30800000000005,2011-04-06T14:02:00Z,2011-09-22T09:53:00Z,United Kingdom
12412,At Risk,234,2,3,4,74.10694444444445,3,1226.88,408.96,2011-06-23T13:51:00Z,2011-09-26T10:16:00Z,Denmark
14745,At Risk,244,2,4,4,112.11458333333331,5,1220.2600000000002,244.05200000000005,2011-02-27T15:25:00Z,2011-08-19T10:05:00Z,United Kingdom
17774,At Risk,244,2,4,4,96.00069444444443,4,1213.7300000000002,303.43250000000006,2011-02-07T13:13:00Z,2011-09-04T12:49:00Z,United Kingdom
13158,At Risk,244,2,4,4,94.03611111111113,4,1201.0600000000004,300.2650000000001,2011-01-25T09:58:00Z,2011-09-06T11:58:00Z,United Kingdom
17320,At Risk,244,2,4,4,99.97152777777778,3,1200.6199999999997,400.20666666666654,2010-12-06T15:38:00Z,2011-08-31T13:31:00Z,United Kingdom
17058,At Risk,244,2,4,4,81.10902777777778,3,1179.89,393.2966666666666,2011-04-14T09:18:00Z,2011-09-19T10:13:00Z,United Kingdom
13752,At Risk,254,2,5,4,123.94027777777778,6,1175.38,195.89666666666668,2011-04-07T12:04:00Z,2011-08-07T14:16:00Z,United Kingdom
18168,At Risk,254,2,5,4,175.72847222222222,6,1160.0400000000002,193.34000000000003,2010-12-02T17:14:00Z,2011-06-16T19:21:00Z,United Kingdom
13611,At Risk,234,2,3,4,88.91597222222222,3,1154.4000000000003,384.8000000000001,2010-12-15T10:31:00Z,2011-09-11T14:51:00Z,United Kingdom
12710,At Risk,234,2,3,4,96.03472222222224,3,1149.020000000001,383.0066666666669,2011-05-22T14:05:00Z,2011-09-04T12:00:00Z,Germany
17505,At Risk,234,2,3,4,161,2,1145.84,572.92,2011-05-18T09:01:00Z,2011-07-01T12:50:00Z,United Kingdom
16766,At Risk,134,1,3,4,272.89444444444445,2,1145.6,572.8,2011-03-11T13:34:00Z,2011-03-11T15:22:00Z,United Kingdom
15985,At Risk,234,2,3,4,122.84652777777778,2,1142.42,571.21,2011-04-17T11:04:00Z,2011-08-08T16:31:00Z,United Kingdom
16270,At Risk,124,1,2,4,352.93333333333334,1,1141.2399999999996,1141.2399999999996,2010-12-21T14:26:00Z,2010-12-21T14:26:00Z,United Kingdom
13330,At Risk,234,2,3,4,92.01597222222222,3,1140.9299999999996,380.3099999999999,2011-01-28T10:08:00Z,2011-09-08T12:27:00Z,United Kingdom
13819,At Risk,134,1,3,4,301.09166666666664,3,1140.35,380.1166666666666,2011-01-24T10:38:00Z,2011-02-11T10:38:00Z,United Kingdom
16172,At Risk,244,2,4,4,94.97777777777776,5,1140.21,228.042,2011-04-12T12:02:00Z,2011-09-05T13:22:00Z,United Kingdom
17242,At Risk,234,2,3,4,107.91319444444444,2,1135.0399999999995,567.5199999999999,2011-06-12T13:04:00Z,2011-08-23T14:55:00Z,United Kingdom
12609,At Risk,234,2,3,4,77.84444444444445,3,1126.85,375.61666666666673,2011-01-25T15:13:00Z,2011-09-22T16:34:00Z,Germany
13486,At Risk,234,2,3,4,77.98402777777778,3,1122.41,374.1366666666666,2011-07-07T17:19:00Z,2011-09-22T13:13:00Z,United Kingdom
16807,At Risk,244,2,4,4,142.03472222222223,3,1121.59,373.8633333333333,2011-03-14T09:46:00Z,2011-07-20T12:00:00Z,United Kingdom
14276,At Risk,234,2,3,4,87.7923611111111,3,1119.7399999999998,373.2466666666666,2011-02-23T09:38:00Z,2011-09-12T17:49:00Z,United Kingdom
17894,At Risk,254,2,5,4,71.14375,8,1118.9600000000005,139.87000000000003,2010-12-08T14:50:00Z,2011-09-29T09:23:00Z,United Kingdom
17788,At Risk,234,2,3,4,73.11180555555555,2,1117.9,558.95,2011-08-02T10:38:00Z,2011-09-27T10:09:00Z,United Kingdom
17585,At Risk,244,2,4,4,108.97222222222224,4,1116.6800000000003,279.17000000000013,2011-01-05T15:09:00Z,2011-08-22T13:30:00Z,United Kingdom
14817,At Risk,134,1,3,4,199.96875,2,1110.3399999999997,555.1699999999998,2011-03-07T13:51:00Z,2011-05-23T13:35:00Z,United Kingdom
12399,At Risk,244,2,4,4,118.98263888888889,4,1108.65,277.1625,2011-03-23T09:42:00Z,2011-08-12T13:15:00Z,Belgium
12857,At Risk,124,1,2,4,210.10416666666663,2,1106.4000000000003,553.2000000000002,2011-02-10T12:32:00Z,2011-05-13T10:20:00Z,United Kingdom
15716,At Risk,244,2,4,4,145.03541666666666,4,1101.1100000000006,275.27750000000015,2010-12-05T12:26:00Z,2011-07-17T11:59:00Z,United Kingdom
17047,At Risk,244,2,4,4,84.97430555555556,3,1100.9,366.9666666666667,2011-05-18T16:50:00Z,2011-09-15T13:27:00Z,United Kingdom
15978,At Risk,224,2,2,4,76.8951388888889,1,1098.7800000000002,1098.7800000000002,2011-09-23T15:21:00Z,2011-09-23T15:21:00Z,United Kingdom
14161,At Risk,134,1,3,4,215.04791666666668,3,1097.62,365.8733333333334,2010-12-05T13:18:00Z,2011-05-08T11:41:00Z,United Kingdom
18189,At Risk,234,2,3,4,77.00694444444444,2,1090.24,545.12,2011-03-17T09:49:00Z,2011-09-23T12:40:00Z,United Kingdom
14561,At Risk,234,2,3,4,75.00763888888889,3,1080.7600000000004,360.2533333333335,2011-06-08T13:26:00Z,2011-09-25T12:39:00Z,United Kingdom
13744,At Risk,224,2,2,4,94.89652777777778,2,1080.52,540.26,2011-02-20T14:08:00Z,2011-09-05T15:19:00Z,United Kingdom
14352,At Risk,244,2,4,4,156.88125,4,1078.96,269.74,2011-03-11T14:58:00Z,2011-07-05T15:41:00Z,United Kingdom
17277,At Risk,134,1,3,4,227.00208333333333,2,1065.35,532.6750000000001,2011-01-21T12:37:00Z,2011-04-26T12:47:00Z,United Kingdom
12815,At Risk,224,2,2,4,147.10347222222222,2,1063.46,531.73,2011-05-25T13:34:00Z,2011-07-15T10:21:00Z,Poland
16214,At Risk,244,2,4,4,170.05555555555554,3,1062.7499999999998,354.24999999999994,2011-03-15T13:23:00Z,2011-06-22T11:30:00Z,United Kingdom
14078,At Risk,254,2,5,4,101.02361111111112,6,1049.3700000000003,174.89500000000007,2010-12-01T12:54:00Z,2011-08-30T12:16:00Z,United Kingdom
15192,At Risk,234,2,3,4,119.04791666666668,3,1044.3200000000004,348.1066666666668,2010-12-09T14:56:00Z,2011-08-12T11:41:00Z,United Kingdom
16320,At Risk,234,2,3,4,171.89236111111111,2,1038.46,519.23,2011-05-10T15:31:00Z,2011-06-20T15:25:00Z,Unspecified
14465,At Risk,134,1,3,4,246.00833333333333,3,1038.4400000000007,346.14666666666693,2011-02-10T12:13:00Z,2011-04-07T12:38:00Z,United Kingdom
16175,At Risk,244,2,4,4,93.92916666666666,4,1037.5899999999997,259.3974999999999,2011-04-13T14:38:00Z,2011-09-06T14:32:00Z,United Kingdom
14584,At Risk,244,2,4,4,168.76180555555555,4,1033.0599999999995,258.2649999999999,2011-05-25T17:31:00Z,2011-06-23T18:33:00Z,United Kingdom
15996,At Risk,254,2,5,4,87.9,6,1032.5799999999997,172.09666666666658,2010-12-08T15:59:00Z,2011-09-12T15:14:00Z,United Kingdom
12717,At Risk,224,2,2,4,150.91597222222222,2,1030.98,515.49,2011-04-08T10:32:00Z,2011-07-11T14:51:00Z,Greece
13253,At Risk,224,2,2,4,156.11180555555555,2,1030.4,515.1999999999999,2011-01-04T15:43:00Z,2011-07-06T10:09:00Z,United Kingdom
17033,At Risk,244,2,4,4,85.92777777777778,3,1030.14,343.37999999999994,2010-12-15T13:21:00Z,2011-09-14T14:34:00Z,United Kingdom
16980,At Risk,134,1,3,4,254.84305555555557,2,1028.4600000000005,514.2300000000002,2011-02-21T12:58:00Z,2011-03-29T16:36:00Z,United Kingdom
14346,At Risk,234,2,3,4,120.12708333333332,2,1021.5800000000002,510.7900000000001,2011-02-15T13:52:00Z,2011-08-11T09:47:00Z,United Kingdom
13376,At Risk,234,2,3,4,98.85694444444444,3,1019.7600000000004,339.92000000000013,2011-04-19T13:03:00Z,2011-09-01T16:16:00Z,United Kingdom
18142,At Risk,234,2,3,4,150.96944444444443,2,1019.52,509.76,2011-05-08T12:31:00Z,2011-07-11T13:34:00Z,United Kingdom
12739,At Risk,224,2,2,4,77.99305555555556,2,1013.04,506.52,2011-09-01T17:45:00Z,2011-09-22T13:00:00Z,United Arab Emirates
14195,At Risk,134,1,3,4,201.09791666666663,2,1011.9999999999998,505.9999999999999,2011-04-01T16:50:00Z,2011-05-22T10:29:00Z,United Kingdom
16229,At Risk,234,2,3,4,86.81527777777778,2,1010.6,505.2999999999999,2011-05-11T10:18:00Z,2011-09-13T17:16:00Z,United Kingdom
14224,At Risk,244,2,4,4,109.97638888888888,4,1009.73,252.4325,2011-01-23T13:58:00Z,2011-08-21T13:24:00Z,United Kingdom
16572,At Risk,244,2,4,4,126.84444444444443,3,1009.6,336.5333333333333,2011-03-09T12:04:00Z,2011-08-04T16:34:00Z,United Kingdom
16174,At Risk,244,2,4,4,125.975,3,1009.55,336.5166666666667,2011-07-11T09:23:00Z,2011-08-05T13:26:00Z,United Kingdom
12545,At Risk,224,2,2,4,74.96597222222222,2,1000.39,500.19499999999994,2011-03-25T12:04:00Z,2011-09-25T13:39:00Z,Spain
18143,At Risk,234,2,3,4,116.02986111111112,2,1000.1599999999996,500.0799999999998,2011-07-21T10:44:00Z,2011-08-15T12:07:00Z,United Kingdom
12722,At Risk,244,2,4,4,84.91666666666667,4,997.63,249.40749999999997,2011-07-12T11:55:00Z,2011-09-15T14:50:00Z,France
15104,At Risk,234,2,3,4,166.05208333333334,2,993.54,496.77,2011-03-02T14:16:00Z,2011-06-26T11:35:00Z,United Kingdom
17594,At Risk,234,2,3,4,84.84444444444445,2,993.1799999999996,496.58999999999975,2011-03-30T10:32:00Z,2011-09-15T16:34:00Z,United Kingdom
14223,At Risk,234,2,3,4,91.96666666666668,3,991.13,330.37666666666667,2011-03-20T16:02:00Z,2011-09-08T13:38:00Z,United Kingdom
17126,At Risk,244,2,4,4,151.95694444444445,5,989.4499999999996,197.88999999999993,2010-12-12T11:19:00Z,2011-07-10T13:52:00Z,United Kingdom
15062,At Risk,244,2,4,4,70.8326388888889,4,987.86,246.96499999999995,2010-12-15T15:37:00Z,2011-09-29T16:51:00Z,United Kingdom
12510,At Risk,224,2,2,4,142.10763888888889,2,982.57,491.285,2011-01-18T14:04:00Z,2011-07-20T10:15:00Z,Spain
15133,At Risk,234,2,3,4,127.0875,3,982.4199999999998,327.4733333333333,2011-02-11T10:38:00Z,2011-08-04T10:44:00Z,United Kingdom
15071,At Risk,234,2,3,4,93.04652777777778,2,982.0699999999996,491.03499999999985,2011-03-09T10:19:00Z,2011-09-07T11:43:00Z,United Kingdom
14920,At Risk,134,1,3,4,212.09583333333333,2,977.77,488.885,2011-05-11T10:31:00Z,2011-05-11T10:32:00Z,United Kingdom
14256,At Risk,134,1,3,4,253.84097222222223,2,969.06,484.53,2010-12-10T11:44:00Z,2011-03-30T16:39:00Z,United Kingdom
14006,At Risk,234,2,3,4,115.13263888888888,3,962.19,320.72999999999996,2011-01-31T15:11:00Z,2011-08-16T09:39:00Z,United Kingdom
16419,At Risk,254,2,5,4,112.01180555555555,6,958.71,159.785,2011-02-01T12:25:00Z,2011-08-19T12:33:00Z,United Kingdom
18192,At Risk,224,2,2,4,71.12291666666667,1,957.97,957.97,2011-09-29T09:53:00Z,2011-09-29T09:53:00Z,United Kingdom
13748,At Risk,244,2,4,4,95.12847222222224,5,948.2499999999998,189.64999999999995,2010-12-01T09:00:00Z,2011-09-05T09:45:00Z,United Kingdom
12458,At Risk,224,2,2,4,70.89236111111111,2,947.4,473.7000000000001,2011-02-28T10:55:00Z,2011-09-29T15:25:00Z,Switzerland
13261,At Risk,124,1,2,4,268.01944444444445,2,944.1,472.05,2011-02-27T10:41:00Z,2011-03-16T12:22:00Z,United Kingdom
16584,At Risk,234,2,3,4,79.96180555555556,2,936.08,468.04,2011-03-30T13:14:00Z,2011-09-20T13:45:00Z,United Kingdom
16027,At Risk,254,2,5,4,91.08541666666666,6,934.62,155.77,2011-02-10T12:19:00Z,2011-09-09T10:47:00Z,United Kingdom
12924,At Risk,244,2,4,4,87.95486111111111,4,933.7000000000004,233.42500000000007,2011-01-16T11:49:00Z,2011-09-12T13:55:00Z,United Kingdom
13655,At Risk,224,2,2,4,113.93402777777776,2,932.9700000000004,466.4850000000002,2011-04-12T09:53:00Z,2011-08-17T14:25:00Z,United Kingdom
18133,At Risk,124,1,2,4,210.89652777777775,1,931.5,931.5,2011-05-11T14:14:00Z,2011-05-12T15:19:00Z,United Kingdom
14475,At Risk,234,2,3,4,71.08611111111111,3,925.8499999999998,308.6166666666666,2011-02-08T10:12:00Z,2011-09-29T10:46:00Z,United Kingdom
14231,At Risk,134,1,3,4,178.88541666666666,3,925.71,308.57,2011-02-24T11:55:00Z,2011-06-13T15:35:00Z,United Kingdom
17048,At Risk,244,2,4,4,114.91597222222222,3,925.35,308.45,2011-01-12T16:51:00Z,2011-08-16T14:51:00Z,United Kingdom
15312,At Risk,244,2,4,4,74.98611111111111,4,924.85,231.21250000000003,2010-12-20T11:01:00Z,2011-09-25T13:10:00Z,United Kingdom
16551,At Risk,243,2,4,3,95.13333333333334,3,922.12,307.37333333333333,2011-01-07T10:24:00Z,2011-09-05T09:38:00Z,United Kingdom
14081,At Risk,133,1,3,3,266.9347222222222,2,921.62,460.81,2010-12-05T15:47:00Z,2011-03-17T14:24:00Z,United Kingdom
17848,At Risk,253,2,5,3,80.83402777777778,9,901.2000000000004,100.13333333333335,2010-12-16T18:38:00Z,2011-09-19T16:49:00Z,United Kingdom
16716,At Risk,133,1,3,3,266.11597222222224,2,901.2,450.6,2011-02-01T15:35:00Z,2011-03-18T10:03:00Z,United Kingdom
14625,At Risk,133,1,3,3,184.88194444444449,2,899.63,449.815,2010-12-02T17:19:00Z,2011-06-07T15:40:00Z,United Kingdom
15079,At Risk,143,1,4,3,212.00347222222223,4,895.61,223.9025,2010-12-09T09:25:00Z,2011-05-11T12:45:00Z,United Kingdom
13515,At Risk,243,2,4,3,72.05833333333334,4,891.1200000000002,222.7800000000001,2011-04-06T10:33:00Z,2011-09-28T11:26:00Z,United Kingdom
14344,At Risk,253,2,5,3,126.9576388888889,8,889.9300000000002,111.24125000000002,2010-12-06T11:58:00Z,2011-08-04T13:51:00Z,United Kingdom
15799,At Risk,243,2,4,3,75.00277777777778,3,884.1400000000002,294.7133333333334,2011-01-09T15:13:00Z,2011-09-25T12:46:00Z,United Kingdom
17027,At Risk,253,2,5,3,78.01805555555555,6,877.5599999999996,146.25999999999993,2011-01-26T14:19:00Z,2011-09-22T12:24:00Z,United Kingdom
14770,At Risk,133,1,3,3,231.93680555555557,2,876.4199999999997,438.20999999999987,2011-01-20T15:00:00Z,2011-04-21T14:21:00Z,United Kingdom
15100,At Risk,133,1,3,3,329.8201388888889,3,876,292,2010-12-01T09:09:00Z,2011-01-13T17:09:00Z,United Kingdom
16567,At Risk,133,1,3,3,193.95347222222225,2,865.5999999999999,432.7999999999999,2011-01-07T09:31:00Z,2011-05-29T13:57:00Z,United Kingdom
16266,At Risk,253,2,5,3,73.02916666666667,7,861.8899999999998,123.12714285714284,2011-05-17T14:50:00Z,2011-09-27T12:08:00Z,United Kingdom
16163,At Risk,133,1,3,3,224.71319444444444,2,856.6000000000001,428.30000000000007,2010-12-09T16:28:00Z,2011-04-28T19:43:00Z,United Kingdom
12693,At Risk,243,2,4,3,120.14861111111112,4,855.9099999999997,213.9774999999999,2011-01-24T12:58:00Z,2011-08-11T09:16:00Z,Germany
16037,At Risk,143,1,4,3,269.15069444444447,3,855.0200000000001,285.0066666666667,2010-12-16T10:18:00Z,2011-03-15T09:13:00Z,United Kingdom
17560,At Risk,243,2,4,3,94.14722222222224,4,854.9500000000002,213.73750000000004,2011-02-02T11:14:00Z,2011-09-06T09:18:00Z,United Kingdom
12728,At Risk,243,2,4,3,70.88819444444445,4,836.3299999999999,209.0825,2011-01-11T13:31:00Z,2011-09-29T15:31:00Z,France
13220,At Risk,243,2,4,3,77.96666666666667,4,819.29,204.8225,2011-04-17T10:59:00Z,2011-09-22T13:38:00Z,United Kingdom
16092,At Risk,243,2,4,3,98.04444444444444,3,817.86,272.62,2011-03-30T15:38:00Z,2011-09-02T11:46:00Z,United Kingdom
16943,At Risk,143,1,4,3,211.03680555555556,3,816.7299999999999,272.2433333333333,2011-01-25T14:00:00Z,2011-05-12T11:57:00Z,United Kingdom
15649,At Risk,133,1,3,3,335.96944444444443,2,816,408,2010-12-07T10:06:00Z,2011-01-07T13:34:00Z,United Kingdom
13811,At Risk,133,1,3,3,183.12222222222223,3,814.5,271.5,2011-04-14T18:40:00Z,2011-06-09T09:54:00Z,Germany
17980,At Risk,243,2,4,3,165.03402777777777,3,811.4499999999999,270.4833333333333,2010-12-15T15:50:00Z,2011-06-27T12:01:00Z,United Kingdom
15644,At Risk,243,2,4,3,165.9138888888889,4,803.5399999999997,200.88499999999993,2011-03-23T15:37:00Z,2011-06-26T14:54:00Z,United Kingdom
13720,At Risk,243,2,4,3,116.00277777777778,4,799.8999999999999,199.97499999999997,2011-03-30T09:17:00Z,2011-08-15T12:46:00Z,United Kingdom
17905,At Risk,243,2,4,3,70.80347222222223,4,798.99,199.7475,2010-12-01T13:21:00Z,2011-09-29T17:33:00Z,United Kingdom
16546,At Risk,133,1,3,3,290.0625,2,787.15,393.575,2010-12-02T12:07:00Z,2011-02-22T11:20:00Z,United Kingdom
17409,At Risk,133,1,3,3,184.09305555555557,2,771.8499999999999,385.9249999999999,2011-04-05T16:42:00Z,2011-06-08T10:36:00Z,United Kingdom
15353,At Risk,133,1,3,3,254.02430555555551,2,770.12,385.06,2010-12-07T11:49:00Z,2011-03-30T12:15:00Z,United Kingdom
14672,At Risk,133,1,3,3,234.10486111111112,2,765.55,382.775,2011-01-07T15:48:00Z,2011-04-19T10:19:00Z,United Kingdom
17268,At Risk,243,2,4,3,107.1138888888889,4,763.64,190.91,2011-04-08T13:20:00Z,2011-08-24T10:06:00Z,United Kingdom
16806,At Risk,243,2,4,3,102.89097222222222,4,762.1599999999995,190.53999999999988,2011-04-14T19:59:00Z,2011-08-28T15:27:00Z,United Kingdom
16725,At Risk,153,1,5,3,301.83194444444445,7,758.2700000000003,108.32428571428576,2010-12-03T16:02:00Z,2011-02-10T16:52:00Z,United Kingdom
15223,At Risk,133,1,3,3,225.0548611111111,2,755.7500000000001,377.87500000000006,2011-04-04T12:17:00Z,2011-04-28T11:31:00Z,United Kingdom
17146,At Risk,243,2,4,3,105.00416666666666,3,749.78,249.92666666666665,2010-12-16T12:20:00Z,2011-08-26T12:44:00Z,United Kingdom
13900,At Risk,133,1,3,3,182.725,3,740.9499999999997,246.98333333333323,2011-03-22T10:13:00Z,2011-06-09T19:26:00Z,United Kingdom
17692,At Risk,243,2,4,3,126.95069444444444,4,740.9399999999999,185.235,2010-12-15T13:37:00Z,2011-08-04T14:01:00Z,United Kingdom
16146,At Risk,243,2,4,3,156.9375,3,734.1299999999999,244.70999999999995,2011-04-21T15:25:00Z,2011-07-05T14:20:00Z,United Kingdom
18062,At Risk,243,2,4,3,172.91875,3,720.5200000000001,240.17333333333335,2011-01-06T10:03:00Z,2011-06-19T14:47:00Z,United Kingdom
15400,At Risk,243,2,4,3,91.95347222222222,5,716.2,143.24,2011-03-06T11:27:00Z,2011-09-08T13:57:00Z,United Kingdom
15855,At Risk,243,2,4,3,136.10416666666666,5,712.2399999999997,142.44799999999992,2011-03-21T12:32:00Z,2011-07-26T10:20:00Z,United Kingdom
17179,At Risk,243,2,4,3,177.8347222222222,3,711.79,237.26333333333332,2010-12-13T14:24:00Z,2011-06-14T16:48:00Z,United Kingdom
14867,At Risk,133,1,3,3,185.04930555555555,3,710.2800000000001,236.76,2010-12-06T11:47:00Z,2011-06-07T11:39:00Z,United Kingdom
16449,At Risk,133,1,3,3,190.0715277777778,2,707.6899999999998,353.8449999999999,2011-03-04T12:15:00Z,2011-06-02T11:07:00Z,United Kingdom
16997,At Risk,143,1,4,3,287.80694444444447,3,702,234,2011-01-18T11:51:00Z,2011-02-24T17:28:00Z,United Kingdom
17472,At Risk,143,1,4,3,190.91180555555556,3,697.5400000000002,232.5133333333334,2011-02-13T14:40:00Z,2011-06-01T14:57:00Z,United Kingdom
14009,At Risk,133,1,3,3,197.87708333333333,2,695.6099999999999,347.80499999999995,2011-05-18T13:00:00Z,2011-05-25T15:47:00Z,United Kingdom
18085,At Risk,133,1,3,3,329.8979166666667,2,689.95,344.975,2010-12-01T12:08:00Z,2011-01-13T15:17:00Z,United Kingdom
16122,At Risk,243,2,4,3,72.8861111111111,4,684.42,171.105,2010-12-08T11:41:00Z,2011-09-27T15:34:00Z,United Kingdom
17874,At Risk,153,1,5,3,184.99722222222223,6,683.4600000000003,113.91000000000004,2011-03-29T11:25:00Z,2011-06-07T12:54:00Z,United Kingdom
17341,At Risk,243,2,4,3,156.01180555555555,3,682.2900000000001,227.43000000000004,2010-12-08T12:46:00Z,2011-07-06T12:33:00Z,United Kingdom
16872,At Risk,243,2,4,3,76.86458333333333,3,680.02,226.67333333333332,2011-06-08T14:32:00Z,2011-09-23T16:05:00Z,United Kingdom
15574,At Risk,243,2,4,3,177.03402777777777,4,675.64,168.91,2010-12-02T15:46:00Z,2011-06-15T12:01:00Z,United Kingdom
17994,At Risk,243,2,4,3,121.04652777777778,4,674.8900000000001,168.72250000000005,2011-02-22T11:02:00Z,2011-08-10T11:43:00Z,United Kingdom
13963,At Risk,143,1,4,3,307.9215277777778,4,664.54,166.135,2010-12-07T09:21:00Z,2011-02-04T14:43:00Z,United Kingdom
15643,At Risk,143,1,4,3,178.81319444444443,3,664.0000000000002,221.3333333333334,2011-03-02T14:34:00Z,2011-06-13T17:19:00Z,United Kingdom
13240,At Risk,243,2,4,3,95.94583333333334,4,663.6500000000001,165.91250000000002,2010-12-09T12:49:00Z,2011-09-04T14:08:00Z,United Kingdom
16696,At Risk,243,2,4,3,134.93541666666667,4,657.9,164.475,2011-04-05T15:20:00Z,2011-07-27T14:23:00Z,United Kingdom
17398,At Risk,243,2,4,3,114.12638888888888,3,653.3799999999999,217.7933333333333,2011-03-29T13:04:00Z,2011-08-17T09:48:00Z,United Kingdom
17312,At Risk,243,2,4,3,138.0402777777778,3,644.3,214.76666666666665,2011-07-03T13:12:00Z,2011-07-24T11:52:00Z,United Kingdom
18218,At Risk,133,1,3,3,205.94027777777777,2,641.9200000000001,320.96000000000004,2011-03-03T12:24:00Z,2011-05-17T14:16:00Z,United Kingdom
15648,At Risk,133,1,3,3,203.87291666666667,2,639.5,319.75,2011-03-17T18:59:00Z,2011-05-19T15:53:00Z,United Kingdom
14220,At Risk,133,1,3,3,246.97708333333333,2,632.4,316.2,2010-12-16T18:18:00Z,2011-04-06T13:23:00Z,United Kingdom
16306,At Risk,153,1,5,3,213.0263888888889,6,632.2700000000001,105.37833333333334,2010-12-07T15:18:00Z,2011-05-10T12:12:00Z,United Kingdom
18183,At Risk,133,1,3,3,217.79375,2,632.07,316.035,2011-03-10T10:08:00Z,2011-05-05T17:47:00Z,United Kingdom
17990,At Risk,143,1,4,3,236.04583333333332,3,630.84,210.28,2010-12-13T12:10:00Z,2011-04-17T11:44:00Z,United Kingdom
16431,At Risk,143,1,4,3,212.9451388888889,3,623.2800000000001,207.76,2011-02-15T14:02:00Z,2011-05-10T14:09:00Z,United Kingdom
17460,At Risk,253,2,5,3,78.07777777777778,6,622.4299999999998,103.7383333333333,2010-12-01T16:24:00Z,2011-09-22T10:58:00Z,United Kingdom
15768,At Risk,243,2,4,3,115.08472222222224,3,621.83,207.27666666666667,2011-04-28T09:20:00Z,2011-08-16T10:48:00Z,United Kingdom
13301,At Risk,243,2,4,3,103.05902777777776,4,618.0899999999998,154.52249999999995,2011-02-20T13:13:00Z,2011-08-28T11:25:00Z,United Kingdom
14377,At Risk,133,1,3,3,190.97083333333333,2,617.05,308.525,2011-03-22T13:38:00Z,2011-06-01T13:32:00Z,United Kingdom
16109,At Risk,133,1,3,3,218.14791666666667,2,611.88,305.94,2011-02-04T12:37:00Z,2011-05-05T09:17:00Z,United Kingdom
17849,At Risk,143,1,4,3,217.9611111111111,4,605.8,151.45,2011-01-10T11:59:00Z,2011-05-05T13:46:00Z,United Kingdom
17507,At Risk,133,1,3,3,261.04305555555555,2,605.5799999999999,302.78999999999996,2011-02-03T18:08:00Z,2011-03-23T11:48:00Z,United Kingdom
14609,At Risk,243,2,4,3,71.99722222222222,4,601.5600000000001,150.39,2011-02-16T12:10:00Z,2011-09-28T12:54:00Z,United Kingdom
16654,At Risk,243,2,4,3,140.89375,4,601.2699999999999,150.31749999999997,2010-12-06T15:09:00Z,2011-07-21T15:23:00Z,United Kingdom
15381,At Risk,133,1,3,3,213.03819444444449,2,596.85,298.425,2011-03-16T13:44:00Z,2011-05-10T11:55:00Z,United Kingdom
18232,At Risk,243,2,4,3,81.0423611111111,4,592.97,148.2425,2011-05-26T16:30:00Z,2011-09-19T11:49:00Z,United Kingdom
14692,At Risk,243,2,4,3,136.90416666666667,4,591.5500000000001,147.88750000000002,2011-01-21T13:47:00Z,2011-07-25T15:08:00Z,United Kingdom
16838,At Risk,133,1,3,3,196.98402777777775,2,588.8500000000001,294.42500000000007,2011-02-24T15:01:00Z,2011-05-26T13:13:00Z,United Kingdom
15624,At Risk,243,2,4,3,116.05,4,588.1300000000001,147.03250000000003,2011-03-28T13:32:00Z,2011-08-15T11:38:00Z,United Kingdom
17890,At Risk,133,1,3,3,322.06319444444443,2,586.8900000000004,293.4450000000002,2010-12-13T15:12:00Z,2011-01-21T11:19:00Z,United Kingdom
18095,At Risk,133,1,3,3,312,2,580.05,290.025,2011-01-11T12:37:00Z,2011-01-31T12:50:00Z,United Kingdom
12601,At Risk,143,1,4,3,189.10625,5,577.0600000000001,115.412,2011-01-11T10:38:00Z,2011-06-03T10:17:00Z,Germany
14176,At Risk,143,1,4,3,296.9847222222222,4,576.9,144.225,2010-12-07T11:45:00Z,2011-02-15T13:12:00Z,United Kingdom
17616,At Risk,243,2,4,3,173.11041666666668,3,571.2,190.4,2010-12-07T10:04:00Z,2011-06-19T10:11:00Z,United Kingdom
12414,At Risk,133,1,3,3,216.91597222222225,3,562.41,187.47,2011-02-02T14:51:00Z,2011-05-06T14:51:00Z,Austria
16906,At Risk,243,2,4,3,81.0423611111111,4,559.5900000000001,139.89750000000004,2011-04-05T12:30:00Z,2011-09-19T11:49:00Z,United Kingdom
17955,At Risk,143,1,4,3,198.03472222222223,4,557.3,139.325,2011-05-04T12:29:00Z,2011-05-25T12:00:00Z,United Kingdom
14177,At Risk,243,2,4,3,84.12361111111112,4,549.46,137.365,2011-06-13T11:10:00Z,2011-09-16T09:52:00Z,United Kingdom
16475,At Risk,243,2,4,3,87.92569444444445,4,544.3,136.075,2011-03-11T09:39:00Z,2011-09-12T14:37:00Z,United Kingdom
16927,At Risk,243,2,4,3,115.06944444444444,3,543.0500000000001,181.01666666666668,2010-12-13T11:57:00Z,2011-08-16T11:10:00Z,United Kingdom
16230,At Risk,133,1,3,3,189.11388888888888,2,542.03,271.015,2011-05-03T15:12:00Z,2011-06-03T10:06:00Z,United Kingdom
17897,At Risk,243,2,4,3,172.06041666666667,3,541.81,180.60333333333332,2010-12-01T12:31:00Z,2011-06-20T11:23:00Z,United Kingdom
14496,At Risk,133,1,3,3,311.1590277777778,2,538.8100000000001,269.40500000000003,2010-12-01T15:35:00Z,2011-02-01T09:01:00Z,United Kingdom
16233,At Risk,243,2,4,3,70.80763888888889,3,536.68,178.89333333333332,2010-12-08T12:51:00Z,2011-09-29T17:27:00Z,United Kingdom
17062,At Risk,143,1,4,3,313.0756944444444,4,533.3299999999999,133.33249999999998,2010-12-05T11:59:00Z,2011-01-30T11:01:00Z,United Kingdom
17429,At Risk,243,2,4,3,120.10902777777778,3,524.9200000000002,174.9733333333334,2011-05-05T09:53:00Z,2011-08-11T10:13:00Z,United Kingdom
18017,At Risk,243,2,4,3,80.85763888888889,3,523,174.33333333333334,2011-02-02T13:57:00Z,2011-09-19T16:15:00Z,United Kingdom
16955,At Risk,143,1,4,3,184.09305555555557,4,518.67,129.6675,2010-12-01T13:31:00Z,2011-06-08T10:36:00Z,United Kingdom
17454,At Risk,143,1,4,3,191.95277777777775,4,517.5300000000002,129.38250000000005,2010-12-15T10:54:00Z,2011-05-31T13:58:00Z,United Kingdom
15882,At Risk,143,1,4,3,198.05208333333337,4,516.3599999999999,129.08999999999995,2010-12-06T13:01:00Z,2011-05-25T11:35:00Z,United Kingdom
12811,At Risk,133,1,3,3,260.13055555555553,3,514.85,171.61666666666667,2011-02-28T15:39:00Z,2011-03-24T09:42:00Z,Portugal
15246,At Risk,133,1,3,3,237.92013888888889,2,514.1500000000001,257.07500000000005,2010-12-16T09:46:00Z,2011-04-15T14:45:00Z,United Kingdom
13885,At Risk,133,1,3,3,188.9048611111111,2,506.8000000000001,253.4000000000001,2011-05-23T08:52:00Z,2011-06-03T15:07:00Z,United Kingdom
15535,At Risk,243,2,4,3,172.86666666666667,4,502.8999999999997,125.72499999999992,2010-12-09T15:36:00Z,2011-06-19T16:02:00Z,United Kingdom
15881,At Risk,143,1,4,3,311.82708333333335,5,501.39,100.278,2010-12-10T13:32:00Z,2011-01-31T16:59:00Z,United Kingdom
17374,At Risk,133,1,3,3,218.15625,2,495.7699999999999,247.88499999999996,2011-03-03T12:53:00Z,2011-05-05T09:05:00Z,United Kingdom
14450,At Risk,133,1,3,3,180.0861111111111,3,483.25,161.08333333333334,2011-01-23T11:53:00Z,2011-06-12T10:46:00Z,United Kingdom
17950,At Risk,243,2,4,3,71.89722222222223,3,482.2,160.73333333333332,2010-12-09T15:16:00Z,2011-09-28T15:18:00Z,United Kingdom
15589,At Risk,142,1,4,2,252.0611111111111,3,478.53,159.51,2011-02-02T10:46:00Z,2011-04-01T11:22:00Z,United Kingdom
15780,At Risk,142,1,4,2,183.03402777777777,3,475.28,158.42666666666668,2010-12-17T11:43:00Z,2011-06-09T12:01:00Z,United Kingdom
16589,At Risk,242,2,4,2,70.91666666666667,3,459.2399999999999,153.07999999999996,2011-07-01T13:31:00Z,2011-09-29T14:50:00Z,United Kingdom
13489,At Risk,242,2,4,2,104.98194444444444,4,449.52,112.38,2011-02-18T10:42:00Z,2011-08-26T13:16:00Z,United Kingdom
15646,At Risk,242,2,4,2,157.12291666666667,3,447.63999999999993,149.2133333333333,2010-12-02T16:59:00Z,2011-07-05T09:53:00Z,United Kingdom
17370,At Risk,242,2,4,2,72.10833333333333,4,446.18,111.545,2011-06-23T11:50:00Z,2011-09-28T10:14:00Z,United Kingdom
16034,At Risk,142,1,4,2,195.85625,3,437.69999999999993,145.89999999999998,2011-01-11T11:54:00Z,2011-05-27T16:17:00Z,United Kingdom
16948,At Risk,242,2,4,2,138.00277777777777,3,435.02,145.00666666666666,2011-01-18T10:58:00Z,2011-07-24T12:46:00Z,United Kingdom
17869,At Risk,242,2,4,2,106.85694444444444,5,428.1799999999999,85.63599999999998,2010-12-06T17:16:00Z,2011-08-24T16:16:00Z,United Kingdom
16816,At Risk,242,2,4,2,102.94027777777778,4,417.06000000000006,104.265,2010-12-16T17:01:00Z,2011-08-28T14:16:00Z,United Kingdom
16324,At Risk,242,2,4,2,127.99444444444444,3,408.5899999999998,136.1966666666666,2011-06-15T14:26:00Z,2011-08-03T12:58:00Z,United Kingdom
15938,At Risk,242,2,4,2,111.99583333333334,5,404.58,80.916,2011-01-20T10:11:00Z,2011-08-19T12:56:00Z,United Kingdom
17375,At Risk,142,1,4,2,189.80555555555551,3,400.09999999999985,133.36666666666662,2010-12-13T15:16:00Z,2011-06-02T17:30:00Z,United Kingdom
16010,At Risk,142,1,4,2,245.10833333333332,3,392.39999999999986,130.79999999999995,2010-12-12T12:18:00Z,2011-04-08T10:14:00Z,United Kingdom
15885,At Risk,242,2,4,2,92.08819444444444,3,379.35,126.45,2011-02-03T15:28:00Z,2011-09-08T10:43:00Z,United Kingdom
16321,At Risk,242,2,4,2,71.91319444444444,5,373.65,74.72999999999999,2011-01-20T12:11:00Z,2011-09-28T14:55:00Z,Australia
18155,At Risk,242,2,4,2,74.97083333333333,3,371.62000000000006,123.87333333333336,2011-02-21T10:36:00Z,2011-09-25T13:32:00Z,United Kingdom
17765,At Risk,242,2,4,2,158.00625,3,367.62999999999994,122.54333333333332,2011-03-28T11:58:00Z,2011-07-04T12:41:00Z,United Kingdom
16378,At Risk,142,1,4,2,246.9048611111111,3,362.9500000000001,120.98333333333336,2011-02-02T12:42:00Z,2011-04-06T15:07:00Z,United Kingdom
12845,At Risk,142,1,4,2,266.96944444444443,4,354.09000000000003,88.52250000000001,2011-02-22T14:10:00Z,2011-03-17T13:34:00Z,United Kingdom
17045,At Risk,242,2,4,2,112.82013888888888,3,339.44,113.14666666666666,2011-04-06T12:08:00Z,2011-08-18T17:09:00Z,United Kingdom
17615,At Risk,242,2,4,2,129.94722222222222,3,329.6,109.86666666666667,2011-05-01T15:33:00Z,2011-08-01T14:06:00Z,United Kingdom
15675,At Risk,242,2,4,2,80.95972222222223,3,323.69,107.89666666666666,2011-03-04T14:21:00Z,2011-09-19T13:48:00Z,United Kingdom
16342,At Risk,242,2,4,2,74.9263888888889,4,322.41,80.6025,2011-06-13T10:10:00Z,2011-09-25T14:36:00Z,United Kingdom
15107,At Risk,152,1,5,2,310.9194444444444,6,319.5,53.25,2010-12-02T13:45:00Z,2011-02-01T14:46:00Z,United Kingdom
16473,At Risk,242,2,4,2,164.15277777777777,3,316.11,105.37,2011-01-07T10:55:00Z,2011-06-28T09:10:00Z,United Kingdom
17912,At Risk,142,1,4,2,309.93402777777777,5,310.06000000000006,62.012000000000015,2010-12-10T11:11:00Z,2011-02-02T14:25:00Z,United Kingdom
16998,At Risk,242,2,4,2,149.12569444444443,4,295,73.75,2011-02-08T15:42:00Z,2011-07-13T09:49:00Z,United Kingdom
17550,At Risk,142,1,4,2,196.9451388888889,3,267.16000000000014,89.05333333333338,2011-04-10T15:19:00Z,2011-05-26T14:09:00Z,United Kingdom
16226,At Risk,142,1,4,2,202.92291666666668,3,255.12,85.03999999999999,2011-04-18T12:58:00Z,2011-05-20T14:41:00Z,United Kingdom
15759,At Risk,142,1,4,2,217.90069444444444,3,253.04,84.34666666666668,2010-12-16T15:29:00Z,2011-05-05T15:13:00Z,United Kingdom
